epoch,time,train/box_loss,train/cls_loss,train/l1_loss,metrics/precision(B),metrics/recall(B),metrics/mAP50(B),metrics/mAP50-95(B),val/box_loss,val/cls_loss,val/l1_loss,lr/pg0,lr/pg1,lr/pg2
1,21.8203,2.1409,5.64643,0.01148,0,0,0,0,1.99173,6.66489,0.01396,0.00222222,0.00222222,0.08
2,28.388,2.08086,5.62276,0.01201,0,0,0,0,1.96272,6.62511,0.01381,0.00552806,0.00552806,0.0499725
3,34.8872,2.11065,5.41579,0.01201,0,0,0,0,4.04822,8.17747,0.04235,0.00880089,0.00880089,0.019912
4,41.8067,2.64969,5.54238,0.01741,0,0,0,0,nan,nan,nan,0.0098515,0.0098515,0.0098515
5,52.1356,2.19471,4.54043,0.01346,0,0,0,0,nan,nan,nan,0.009802,0.009802,0.009802
6,58.3029,1.97954,3.49942,0.01149,0,0,0,0,nan,nan,nan,0.0097525,0.0097525,0.0097525
7,64.3972,1.98467,2.90517,0.01196,0,0,0,0,nan,nan,nan,0.009703,0.009703,0.009703
8,71.3668,2.13104,2.49288,0.01255,0,0,0,0,nan,nan,nan,0.0096535,0.0096535,0.0096535
9,77.4675,2.10467,2.13728,0.01183,0,0,0,0,nan,nan,nan,0.009604,0.009604,0.009604
10,83.9388,2.18277,2.09274,0.01441,0,0,0,0,nan,nan,nan,0.0095545,0.0095545,0.0095545
11,90.1973,2.08302,1.91866,0.01263,0,0,0,0,nan,nan,nan,0.009505,0.009505,0.009505
12,96.1433,2.02038,1.81741,0.01233,0,0,0,0,nan,nan,nan,0.0094555,0.0094555,0.0094555
13,102.124,1.96969,1.78295,0.01109,0,0,0,0,nan,nan,nan,0.009406,0.009406,0.009406
14,108.118,1.87275,1.62434,0.01064,0,0,0,0,nan,nan,nan,0.0093565,0.0093565,0.0093565
15,114.22,1.92585,1.55609,0.01139,0,0,0,0,nan,nan,nan,0.009307,0.009307,0.009307
16,120.492,2.03914,1.60866,0.01266,0,0,0,0,nan,nan,nan,0.0092575,0.0092575,0.0092575
17,126.864,2.11717,1.67206,0.01289,0,0,0,0,nan,nan,nan,0.009208,0.009208,0.009208
18,133.53,2.07087,1.77403,0.01216,0,0,0,0,nan,nan,nan,0.0091585,0.0091585,0.0091585
19,140.022,1.89554,1.62685,0.01083,0,0,0,0,nan,nan,nan,0.009109,0.009109,0.009109
20,146.312,1.83411,1.59891,0.0108,0,0,0,0,nan,nan,nan,0.0090595,0.0090595,0.0090595
21,152.703,1.84552,1.59434,0.01097,0,0,0,0,nan,nan,nan,0.00901,0.00901,0.00901
22,159.902,1.81946,1.43343,0.01055,0,0,0,0,5.58404,12.3555,0.11011,0.0089605,0.0089605,0.0089605
23,166.335,1.88601,1.43811,0.0111,0.02145,0.05096,0.01196,0.00258,3.59479,6.22825,0.03641,0.008911,0.008911,0.008911
24,172.92,2.04595,1.5644,0.01267,0.03375,0.00637,0.00024,4e-05,3.96706,5.01713,0.04619,0.0088615,0.0088615,0.0088615
25,179.473,2.13786,1.60269,0.01379,0.01684,0.01274,0.00061,7e-05,4.23834,5.89508,0.05139,0.008812,0.008812,0.008812
26,185.951,1.82971,1.55751,0.0103,0.05475,0.08917,0.01425,0.00221,3.99483,5.41265,0.04678,0.0087625,0.0087625,0.0087625
27,192.284,1.82608,1.5393,0.01048,0.15508,0.26115,0.0712,0.01475,3.03908,3.64799,0.02856,0.008713,0.008713,0.008713
28,198.761,1.77751,1.37607,0.01025,0.20014,0.20382,0.08222,0.01898,2.71293,5.54006,0.02339,0.0086635,0.0086635,0.0086635
29,205.457,1.84721,1.32154,0.01126,0.04308,0.21656,0.01952,0.00426,3.29005,8.06087,0.03159,0.008614,0.008614,0.008614
30,212.603,1.91143,1.32284,0.01145,0.14597,0.24204,0.07812,0.01699,3.0108,6.11178,0.02734,0.0085645,0.0085645,0.0085645
31,219.047,1.90853,1.25456,0.01115,0.23853,0.45223,0.19075,0.04558,2.72557,4.30021,0.02317,0.008515,0.008515,0.008515
32,225.668,1.8398,1.35873,0.01083,0.39066,0.28025,0.20926,0.06346,2.62349,3.40414,0.02152,0.0084655,0.0084655,0.0084655
33,232.21,1.81517,1.28098,0.01002,0.61843,0.03107,0.04512,0.0134,2.77871,5.26791,0.02355,0.008416,0.008416,0.008416
34,238.693,1.83663,1.23592,0.011,0.51649,0.09554,0.09685,0.02498,2.84612,4.69355,0.02332,0.0083665,0.0083665,0.0083665
35,245.924,1.80889,1.21073,0.01003,0.38284,0.28662,0.25662,0.0799,2.6832,3.01025,0.01968,0.008317,0.008317,0.008317
36,252.364,1.78853,1.25961,0.00975,0.35303,0.45184,0.3273,0.1113,2.46175,2.90887,0.01745,0.0082675,0.0082675,0.0082675
37,258.836,1.78999,1.23602,0.01054,0.33265,0.36306,0.30031,0.10437,2.33829,2.6072,0.01671,0.008218,0.008218,0.008218
38,265.75,1.72491,1.17077,0.00961,0.47382,0.52229,0.49172,0.17983,1.98089,2.27605,0.01412,0.0081685,0.0081685,0.0081685
39,272.792,1.75328,1.20082,0.0098,0.39285,0.52866,0.40052,0.1215,2.45381,1.8488,0.01951,0.008119,0.008119,0.008119
40,279.191,1.84105,1.17591,0.01138,0.43798,0.6051,0.4629,0.17237,2.1251,1.54921,0.01637,0.0080695,0.0080695,0.0080695
41,285.486,1.82191,1.15264,0.01039,0.45535,0.69427,0.4812,0.1395,2.37096,1.8155,0.01932,0.00802,0.00802,0.00802
42,292.217,1.8468,1.22624,0.0118,0.45796,0.6242,0.46569,0.11006,2.78582,1.50952,0.02425,0.0079705,0.0079705,0.0079705
43,298.513,1.90783,1.1249,0.01121,0.52394,0.71338,0.60541,0.23362,2.04326,1.39422,0.01578,0.007921,0.007921,0.007921
44,304.856,1.85456,1.16622,0.01042,0.40846,0.51592,0.35461,0.09482,2.43191,1.83917,0.02108,0.0078715,0.0078715,0.0078715
45,311.223,1.82105,1.14329,0.01119,0.63527,0.65605,0.67435,0.23141,2.06873,1.4566,0.01615,0.007822,0.007822,0.007822
46,317.811,1.74921,1.1688,0.00978,0.73131,0.69344,0.76966,0.34805,1.80544,1.18395,0.01271,0.0077725,0.0077725,0.0077725
47,324.123,1.79305,1.12814,0.0111,0.68252,0.65605,0.72129,0.30899,1.90227,1.17295,0.01378,0.007723,0.007723,0.007723
48,330.335,1.75232,1.16072,0.01066,0.6491,0.84076,0.81954,0.34885,1.91262,0.94694,0.01381,0.0076735,0.0076735,0.0076735
49,336.699,1.72991,1.15579,0.01029,0.71179,0.75159,0.82945,0.38214,1.75726,1.07135,0.01228,0.007624,0.007624,0.007624
50,343.832,1.74564,1.21253,0.01029,0.63829,0.73248,0.71398,0.29939,1.89134,1.04519,0.01371,0.0075745,0.0075745,0.0075745
51,350.429,1.76744,1.14525,0.00961,0.68133,0.56688,0.70746,0.3198,1.73766,1.19941,0.01209,0.007525,0.007525,0.007525
52,356.91,1.71028,1.26589,0.00981,0.65805,0.69427,0.71292,0.29224,1.87632,1.16161,0.01334,0.0074755,0.0074755,0.0074755
53,363.327,1.79061,1.14679,0.01087,0.67569,0.72611,0.70298,0.28036,2.07153,1.0648,0.0154,0.007426,0.007426,0.007426
54,369.79,1.84124,1.32994,0.01089,0.71142,0.64968,0.73263,0.29481,2.03496,1.2937,0.01514,0.0073765,0.0073765,0.0073765
55,376.17,1.88056,1.29492,0.01089,0.63151,0.72044,0.71385,0.30845,1.89227,2.14957,0.01353,0.007327,0.007327,0.007327
56,382.942,1.76268,1.25473,0.01009,0.45017,0.64144,0.51735,0.16158,2.10905,2.42386,0.01587,0.0072775,0.0072775,0.0072775
57,389.756,1.80936,1.28435,0.01051,0.51652,0.78936,0.64985,0.27069,1.777,1.47313,0.01249,0.007228,0.007228,0.007228
58,396.287,1.72081,1.19051,0.01001,0.51508,0.72611,0.68279,0.2987,1.7699,1.32787,0.01259,0.0071785,0.0071785,0.0071785
59,402.846,1.7548,1.1014,0.01021,0.57376,0.64968,0.6719,0.2994,1.85336,1.56605,0.01288,0.007129,0.007129,0.007129
60,410.038,1.79062,1.16266,0.01009,0.53491,0.50955,0.52973,0.21086,1.98409,1.66795,0.01362,0.0070795,0.0070795,0.0070795
61,416.667,1.8325,1.07412,0.01054,0.6731,0.6051,0.69051,0.31601,1.73685,1.31497,0.01218,0.00703,0.00703,0.00703
62,423.077,1.79045,1.15098,0.01038,0.55389,0.77707,0.74216,0.30989,1.8147,2.1988,0.01251,0.0069805,0.0069805,0.0069805
63,429.488,1.78747,1.15536,0.01018,0.56357,0.69427,0.71978,0.3063,1.86018,1.86526,0.01287,0.006931,0.006931,0.006931
64,435.932,1.78382,1.10965,0.0103,0.58487,0.80255,0.73559,0.32106,1.92587,1.12355,0.01362,0.0068815,0.0068815,0.0068815
65,442.387,1.79025,1.0871,0.01019,0.60598,0.73248,0.7171,0.31856,1.8294,1.22209,0.01248,0.006832,0.006832,0.006832
66,448.626,1.73696,1.12145,0.01023,0.6084,0.70701,0.71765,0.33142,1.71273,1.31135,0.01185,0.0067825,0.0067825,0.0067825
67,455.205,1.72265,1.09271,0.00934,0.54377,0.6453,0.65418,0.25194,1.96847,1.36299,0.01374,0.006733,0.006733,0.006733
68,461.885,1.81645,1.06517,0.01046,0.46574,0.67186,0.54834,0.21142,1.93951,1.5725,0.0137,0.0066835,0.0066835,0.0066835
69,468.587,1.71624,1.09642,0.01002,0.60105,0.65605,0.69125,0.27839,1.7919,1.25928,0.01254,0.006634,0.006634,0.006634
70,474.965,1.68724,1.11764,0.00971,0.5967,0.69737,0.68652,0.29878,1.75353,1.19882,0.01225,0.0065845,0.0065845,0.0065845
71,481.152,1.64411,1.05144,0.00877,0.60162,0.7707,0.73428,0.32927,1.71288,1.29315,0.01183,0.006535,0.006535,0.006535
72,487.425,1.78133,1.21904,0.01027,0.62173,0.61783,0.6886,0.3279,1.81701,1.2306,0.01253,0.0064855,0.0064855,0.0064855
73,494.841,1.69012,1.03674,0.00955,0.65062,0.71338,0.71259,0.30597,1.84812,1.18455,0.01286,0.006436,0.006436,0.006436
74,501.255,1.86768,1.07052,0.01127,0.71964,0.73572,0.78541,0.31925,1.91389,1.00062,0.01384,0.0063865,0.0063865,0.0063865
75,507.526,1.7085,1.12076,0.00959,0.71197,0.61783,0.75202,0.2647,2.03124,1.51248,0.01493,0.006337,0.006337,0.006337
76,513.858,1.71693,1.12008,0.00941,0.47594,0.72308,0.60634,0.22402,1.92521,1.48213,0.01385,0.0062875,0.0062875,0.0062875
77,520.702,1.77839,1.05648,0.00969,0.52902,0.75796,0.65899,0.28319,1.8938,1.17191,0.01329,0.006238,0.006238,0.006238
78,527.063,1.82613,1.04629,0.01017,0.55071,0.71338,0.65249,0.26092,1.86939,1.24664,0.01344,0.0061885,0.0061885,0.0061885
79,533.412,1.73755,1.04901,0.01011,0.66281,0.66242,0.72848,0.3039,1.77419,1.97176,0.01242,0.006139,0.006139,0.006139
80,539.647,1.71372,1.08922,0.01019,0.67053,0.73888,0.76827,0.35168,1.72318,1.18744,0.01191,0.0060895,0.0060895,0.0060895
81,546.035,1.69928,0.96571,0.00955,0.63535,0.78981,0.76067,0.36521,1.70973,0.9762,0.01182,0.00604,0.00604,0.00604
82,553.514,1.70098,0.98042,0.00938,0.60963,0.70064,0.71543,0.35344,1.75109,1.23276,0.01183,0.0059905,0.0059905,0.0059905
83,560.357,1.83913,1.1609,0.01121,0.68979,0.65605,0.76391,0.32659,1.96669,1.42926,0.01347,0.005941,0.005941,0.005941
84,566.828,1.73584,1.09601,0.01009,0.65072,0.81529,0.81079,0.39672,1.73927,0.98356,0.01195,0.0058915,0.0058915,0.0058915
85,573.211,1.75048,1.07799,0.01033,0.73937,0.80255,0.84224,0.39011,1.90103,0.93635,0.01336,0.005842,0.005842,0.005842
86,579.719,1.74563,1.03424,0.00998,0.7672,0.78344,0.86328,0.41989,1.73483,0.86031,0.01212,0.0057925,0.0057925,0.0057925
87,586.176,1.69725,1.02906,0.0096,0.61463,0.84076,0.78019,0.38416,1.63654,1.19421,0.01107,0.005743,0.005743,0.005743
88,593.888,1.80906,1.21123,0.01107,0.61863,0.78981,0.76073,0.36416,1.77583,1.32766,0.01207,0.0056935,0.0056935,0.0056935
89,600.391,1.74253,1.0653,0.00938,0.66807,0.76433,0.7875,0.35302,1.75343,1.16298,0.01207,0.005644,0.005644,0.005644
90,607.033,1.88336,1.03208,0.01029,0.66729,0.80892,0.81069,0.36447,1.83763,1.09285,0.01275,0.0055945,0.0055945,0.0055945
91,613.759,1.76413,1.02164,0.00994,0.76217,0.71444,0.814,0.39514,1.6217,0.98084,0.01107,0.005545,0.005545,0.005545
92,620.8,1.73678,0.97709,0.00978,0.71485,0.75049,0.82106,0.37393,1.78709,1.01214,0.01218,0.0054955,0.0054955,0.0054955
93,627.39,1.72568,0.98846,0.01003,0.71526,0.81598,0.84051,0.41628,1.70717,0.91578,0.01151,0.005446,0.005446,0.005446
94,633.667,1.68531,0.95866,0.00958,0.72778,0.79618,0.82478,0.42321,1.60799,0.91071,0.01086,0.0053965,0.0053965,0.0053965
95,640.2,1.65165,0.92002,0.00942,0.6378,0.80892,0.78021,0.36891,1.80222,0.96325,0.01227,0.005347,0.005347,0.005347
96,646.618,1.70712,0.91347,0.00943,0.6278,0.75159,0.76141,0.36439,1.74692,1.00868,0.01181,0.0052975,0.0052975,0.0052975
97,653.048,1.69425,0.91824,0.0097,0.62307,0.73248,0.73321,0.30642,1.92935,1.12562,0.01299,0.005248,0.005248,0.005248
98,659.456,1.7088,0.93827,0.00942,0.65521,0.73885,0.7516,0.31237,1.91688,1.14753,0.01281,0.0051985,0.0051985,0.0051985
99,665.789,1.67202,0.99119,0.00934,0.60015,0.82803,0.74687,0.35848,1.75924,1.11389,0.01189,0.005149,0.005149,0.005149
100,673.009,1.64376,0.94152,0.00915,0.68851,0.77707,0.79398,0.35746,1.85881,1.02227,0.01258,0.0050995,0.0050995,0.0050995
101,679.185,1.72592,0.9903,0.00948,0.62075,0.75159,0.72395,0.30321,1.90919,1.18477,0.01286,0.00505,0.00505,0.00505
102,685.366,1.69437,0.97282,0.0103,0.55333,0.79618,0.71299,0.32349,1.83091,1.13794,0.01245,0.0050005,0.0050005,0.0050005
103,691.68,1.61366,0.99042,0.00924,0.74873,0.76433,0.78967,0.33187,1.93813,1.13776,0.01312,0.004951,0.004951,0.004951
104,697.971,1.69943,1.02591,0.00987,0.71746,0.80871,0.8153,0.39913,1.69747,0.99119,0.01152,0.0049015,0.0049015,0.0049015
105,704.631,1.64899,0.97863,0.00948,0.74208,0.77707,0.8225,0.4134,1.5965,1.08681,0.01076,0.004852,0.004852,0.004852
106,710.85,1.68511,0.98028,0.00979,0.74572,0.80322,0.81706,0.3974,1.65432,1.41096,0.01115,0.0048025,0.0048025,0.0048025
107,717.093,1.68882,0.99316,0.01017,0.73347,0.82384,0.83825,0.40818,1.69281,1.00696,0.01159,0.004753,0.004753,0.004753
108,723.286,1.69877,0.99998,0.00995,0.67853,0.7707,0.78013,0.40186,1.51087,1.07942,0.01011,0.0047035,0.0047035,0.0047035
109,729.746,1.64807,0.95647,0.00999,0.78708,0.68153,0.80577,0.38746,1.59242,1.17098,0.01062,0.004654,0.004654,0.004654
110,736.402,1.65443,1.00145,0.00911,0.73401,0.73248,0.7777,0.38602,1.61046,1.11439,0.01082,0.0046045,0.0046045,0.0046045
111,742.796,1.63188,0.97489,0.00901,0.66834,0.6931,0.74185,0.35665,1.62579,1.19707,0.01093,0.004555,0.004555,0.004555
112,750.758,1.72063,0.99553,0.00982,0.65169,0.73885,0.74972,0.37328,1.59191,1.12637,0.01067,0.0045055,0.0045055,0.0045055
113,758.747,1.69622,0.95703,0.00968,0.7985,0.68148,0.81722,0.40313,1.70676,0.99743,0.01145,0.004456,0.004456,0.004456
114,765.022,1.67239,0.90471,0.01,0.71238,0.78981,0.81812,0.3141,1.94053,1.24231,0.01305,0.0044065,0.0044065,0.0044065
115,771.424,1.70174,0.95314,0.00998,0.7632,0.80892,0.83848,0.38133,1.83691,0.96276,0.01247,0.004357,0.004357,0.004357
116,777.988,1.60007,0.92447,0.00944,0.8058,0.74522,0.83616,0.39605,1.83216,0.83932,0.01247,0.0043075,0.0043075,0.0043075
117,785.434,1.69323,0.96143,0.00941,0.64584,0.83439,0.79569,0.35365,1.89199,0.91452,0.013,0.004258,0.004258,0.004258
118,791.642,1.6261,0.88371,0.0096,0.6311,0.77707,0.77321,0.35931,1.80566,1.00848,0.01235,0.0042085,0.0042085,0.0042085
119,798.197,1.64934,0.83501,0.0094,0.65426,0.84374,0.79516,0.37192,1.75703,0.97771,0.01189,0.004159,0.004159,0.004159
120,804.33,1.68088,0.90124,0.00903,0.78892,0.87261,0.86312,0.42248,1.74119,0.79683,0.01178,0.0041095,0.0041095,0.0041095
121,810.667,1.66924,0.86803,0.00944,0.75652,0.83119,0.86289,0.42779,1.66134,0.79142,0.01135,0.00406,0.00406,0.00406
122,816.917,1.68433,0.83411,0.0098,0.73297,0.74522,0.8163,0.39906,1.69974,0.91343,0.01152,0.0040105,0.0040105,0.0040105
123,823.128,1.67657,0.82622,0.00957,0.62691,0.6879,0.65456,0.22336,2.27336,1.07689,0.01558,0.003961,0.003961,0.003961
124,829.332,1.79529,0.90032,0.01016,0.56934,0.72611,0.57693,0.19566,2.27946,1.21283,0.01552,0.0039115,0.0039115,0.0039115
125,835.716,1.68795,0.87691,0.00956,0.67468,0.6879,0.71969,0.30882,1.78699,1.13239,0.01201,0.003862,0.003862,0.003862
126,841.903,1.73141,0.88658,0.0103,0.66767,0.71662,0.70786,0.3129,1.79407,1.12385,0.0121,0.0038125,0.0038125,0.0038125
127,848.269,1.67586,0.88035,0.00963,0.62768,0.77707,0.71012,0.29841,1.96783,1.03903,0.01337,0.003763,0.003763,0.003763
128,854.813,1.6642,0.90735,0.00929,0.67171,0.82166,0.77563,0.33734,nan,nan,nan,0.0037135,0.0037135,0.0037135
129,861.916,1.75406,0.88282,0.00995,0.6015,0.84713,0.76766,0.3413,nan,nan,nan,0.003664,0.003664,0.003664
130,868.189,1.63262,0.83481,0.00942,0.66804,0.73062,0.77467,0.34342,nan,nan,nan,0.0036145,0.0036145,0.0036145
131,874.441,1.69694,0.89462,0.00921,0.62718,0.81433,0.77627,0.31894,nan,nan,nan,0.003565,0.003565,0.003565
132,880.743,1.6849,0.89302,0.00921,0.67744,0.84274,0.83732,0.37871,1.84781,0.84798,0.01257,0.0035155,0.0035155,0.0035155
133,887.026,1.60695,0.81042,0.0094,0.68246,0.83439,0.84046,0.42381,1.64588,0.89377,0.01113,0.003466,0.003466,0.003466
134,893.465,1.67027,0.83302,0.00912,0.67676,0.74678,0.79626,0.36988,1.80301,1.01836,0.01221,0.0034165,0.0034165,0.0034165
135,899.804,1.67503,0.8405,0.00943,0.701,0.7707,0.78229,0.31303,2.03887,0.97352,0.01386,0.003367,0.003367,0.003367
136,906.143,1.65702,0.94277,0.00967,0.6972,0.7707,0.7826,0.36274,1.86928,0.88991,0.01266,0.0033175,0.0033175,0.0033175
137,913.058,1.62164,0.8516,0.00858,0.79715,0.75796,0.86892,0.42453,1.76108,0.78025,0.01198,0.003268,0.003268,0.003268
138,919.349,1.71409,0.88894,0.01025,0.78321,0.73885,0.86303,0.43053,1.69263,0.74977,0.01157,0.0032185,0.0032185,0.0032185
139,926.774,1.67715,0.84164,0.00919,0.73396,0.91083,0.88788,0.41628,1.75132,0.75145,0.01224,0.003169,0.003169,0.003169
140,932.97,1.70668,0.83156,0.00993,0.83857,0.83439,0.9041,0.45962,1.65882,0.75626,0.01125,0.0031195,0.0031195,0.0031195
141,939.924,1.6108,0.85531,0.00882,0.78049,0.82166,0.85146,0.4073,1.72683,0.86111,0.01163,0.00307,0.00307,0.00307
142,946.967,1.63587,0.8714,0.00913,0.78149,0.76433,0.84426,0.36767,1.86039,0.90199,0.01258,0.0030205,0.0030205,0.0030205
143,954.815,1.69336,0.84603,0.00987,0.75665,0.85158,0.86859,0.40598,1.81256,0.85408,0.01228,0.002971,0.002971,0.002971
144,961.086,1.61081,0.84127,0.00938,0.77235,0.85987,0.85092,0.40298,1.81366,0.89811,0.01219,0.0029215,0.0029215,0.0029215
145,967.323,1.63113,0.78149,0.00922,0.74828,0.871,0.84294,0.38648,1.81739,0.89552,0.01225,0.002872,0.002872,0.002872
146,974.799,1.672,0.81486,0.00926,0.74939,0.8571,0.86737,0.43177,1.68485,0.88892,0.01141,0.0028225,0.0028225,0.0028225
147,981.083,1.61713,0.83334,0.00938,0.73684,0.82037,0.85387,0.42459,1.6579,0.88531,0.01123,0.002773,0.002773,0.002773
148,987.333,1.62533,0.8278,0.00898,0.69069,0.9172,0.84904,0.42101,1.69861,0.81852,0.01155,0.0027235,0.0027235,0.0027235
149,994.728,1.68034,0.77104,0.00994,0.69317,0.90654,0.85758,0.42634,1.76413,0.77422,0.01201,0.002674,0.002674,0.002674
150,1003.59,1.62324,0.75674,0.00946,0.76322,0.85987,0.87294,0.41494,1.81691,0.76193,0.0124,0.0026245,0.0026245,0.0026245
151,1009.77,1.62845,0.76271,0.00908,0.72738,0.89809,0.87145,0.42295,1.76345,0.76256,0.01197,0.002575,0.002575,0.002575
152,1016.85,1.62701,0.78732,0.00913,0.72516,0.91083,0.85126,0.42629,1.7536,0.75806,0.01189,0.0025255,0.0025255,0.0025255
153,1023.08,1.62135,0.79898,0.00943,0.72298,0.85987,0.82652,0.4067,1.77392,0.78211,0.01208,0.002476,0.002476,0.002476
154,1029.37,1.70566,0.7585,0.00976,0.72655,0.86311,0.84622,0.41003,1.72428,0.81186,0.0117,0.0024265,0.0024265,0.0024265
155,1035.51,1.56875,0.74012,0.00878,0.7187,0.78981,0.81563,0.36397,1.76818,0.96129,0.0119,0.002377,0.002377,0.002377
156,1041.63,1.67501,0.84426,0.00947,0.69815,0.82166,0.82547,0.38412,1.69719,0.99936,0.01137,0.0023275,0.0023275,0.0023275
157,1047.81,1.63084,0.79715,0.00943,0.81055,0.87202,0.88257,0.44848,1.61986,0.83187,0.01091,0.002278,0.002278,0.002278
158,1054.03,1.69405,0.81661,0.00918,0.77298,0.84582,0.85935,0.43736,1.74437,0.77724,0.01182,0.0022285,0.0022285,0.0022285
159,1060.33,1.64045,0.77088,0.00894,0.71807,0.84358,0.84887,0.38097,1.93413,0.78177,0.01318,0.002179,0.002179,0.002179
160,1067.23,1.69368,0.88345,0.00953,0.74274,0.77707,0.8395,0.35996,1.98939,0.81581,0.01357,0.0021295,0.0021295,0.0021295
161,1073.48,1.64452,0.76163,0.00903,0.63915,0.91083,0.83089,0.39308,1.82964,0.7913,0.01243,0.00208,0.00208,0.00208
162,1079.61,1.62731,0.74635,0.01,0.73581,0.84713,0.85724,0.44002,1.70596,0.75644,0.01155,0.0020305,0.0020305,0.0020305
163,1085.72,1.70198,0.78489,0.00979,0.73603,0.87024,0.85855,0.41862,1.75935,0.82138,0.01189,0.001981,0.001981,0.001981
164,1092.31,1.64782,0.80629,0.00965,0.78617,0.81965,0.85727,0.36696,1.89805,0.92993,0.01279,0.0019315,0.0019315,0.0019315
165,1099.92,1.6718,0.80951,0.0092,0.72727,0.84927,0.83159,0.34019,1.89039,0.95636,0.01263,0.001882,0.001882,0.001882
166,1106.15,1.63626,0.82505,0.00913,0.69069,0.85987,0.84154,0.38259,1.72937,0.95419,0.01158,0.0018325,0.0018325,0.0018325
167,1112.37,1.6324,0.78069,0.0093,0.68526,0.84713,0.82429,0.41547,1.65453,0.84743,0.01112,0.001783,0.001783,0.001783
168,1118.71,1.63394,0.78428,0.00935,0.68399,0.86624,0.82404,0.3951,1.75147,0.81351,0.01177,0.0017335,0.0017335,0.0017335
169,1124.95,1.67744,0.83592,0.01033,0.68628,0.84995,0.81521,0.36135,1.91212,0.82758,0.01289,0.001684,0.001684,0.001684
170,1131.23,1.60086,0.75464,0.00945,0.65936,0.84713,0.79989,0.34832,1.97808,0.79091,0.01341,0.0016345,0.0016345,0.0016345
171,1137.49,1.61378,0.79115,0.00948,0.70214,0.81077,0.81261,0.37023,1.89178,0.81007,0.01283,0.001585,0.001585,0.001585
172,1143.7,1.59618,0.76097,0.0094,0.67184,0.84762,0.81766,0.37911,1.8186,0.80769,0.01231,0.0015355,0.0015355,0.0015355
173,1150.24,1.60291,0.75809,0.00932,0.72875,0.82166,0.84132,0.39083,1.76982,0.84896,0.01188,0.001486,0.001486,0.001486
174,1158.03,1.55795,0.78646,0.00867,0.74629,0.80892,0.83966,0.37814,1.75241,0.9322,0.01168,0.0014365,0.0014365,0.0014365
175,1164.43,1.58502,0.77368,0.00888,0.70114,0.83439,0.81803,0.36214,1.84685,0.93246,0.01236,0.001387,0.001387,0.001387
176,1171.16,1.55668,0.78405,0.00871,0.67265,0.88998,0.83018,0.37558,1.85713,0.90651,0.01251,0.0013375,0.0013375,0.0013375
177,1177.72,1.55851,0.7243,0.00843,0.70103,0.86623,0.81944,0.39175,1.81213,0.83673,0.01229,0.001288,0.001288,0.001288
178,1183.91,1.60739,0.81348,0.00924,0.70974,0.83439,0.82953,0.41204,1.73906,0.8007,0.01179,0.0012385,0.0012385,0.0012385
179,1190.18,1.65885,0.79063,0.0103,0.69608,0.82166,0.83066,0.42178,1.70328,0.76684,0.01154,0.001189,0.001189,0.001189
180,1196.38,1.62131,0.73352,0.00905,0.70358,0.87898,0.83938,0.43479,1.68183,0.77407,0.01135,0.0011395,0.0011395,0.0011395
181,1202.81,1.62322,0.77292,0.00884,0.70354,0.93631,0.85939,0.43688,1.71067,0.77852,0.0115,0.00109,0.00109,0.00109
182,1209.14,1.58573,0.74774,0.00877,0.72248,0.84713,0.84468,0.38544,1.84128,0.82334,0.01237,0.0010405,0.0010405,0.0010405
183,1215.35,1.56343,0.77024,0.00846,0.71655,0.85987,0.82641,0.34441,1.95567,0.87481,0.01317,0.000991,0.000991,0.000991
184,1221.55,1.6202,0.77301,0.00955,0.70622,0.84076,0.81967,0.34297,1.93807,0.92549,0.01305,0.0009415,0.0009415,0.0009415
185,1227.89,1.56903,0.77406,0.00896,0.71272,0.88491,0.85283,0.37341,1.85103,0.90025,0.01245,0.000892,0.000892,0.000892
186,1234.2,1.57986,0.77268,0.00879,0.72815,0.87898,0.86522,0.41044,1.76878,0.83018,0.0119,0.0008425,0.0008425,0.0008425
187,1240.51,1.60626,0.74016,0.0088,0.75361,0.87669,0.87109,0.42892,1.71716,0.77517,0.01157,0.000793,0.000793,0.000793
188,1246.85,1.60609,0.76714,0.009,0.72804,0.91083,0.8628,0.43436,1.66832,0.77514,0.0112,0.0007435,0.0007435,0.0007435
189,1253.93,1.60601,0.7201,0.00933,0.76942,0.84713,0.86967,0.44216,1.65409,0.76211,0.01113,0.000694,0.000694,0.000694
190,1260.35,1.5979,0.76283,0.00895,0.76288,0.84018,0.87205,0.44258,1.6486,0.77304,0.0111,0.0006445,0.0006445,0.0006445
191,1294.79,1.5853,0.75858,0.01059,0.76573,0.84713,0.8788,0.44305,1.64498,0.76466,0.01108,0.000595,0.000595,0.000595
192,1301.69,1.56144,0.73308,0.01037,0.78917,0.83439,0.88442,0.45487,1.6254,0.75166,0.01094,0.0005455,0.0005455,0.0005455
193,1309,1.59529,0.71658,0.01023,0.75715,0.86624,0.88608,0.46213,1.60042,0.75003,0.01079,0.000496,0.000496,0.000496
194,1316.2,1.52711,0.67731,0.00974,0.75961,0.90446,0.90142,0.46874,1.58211,0.73213,0.01066,0.0004465,0.0004465,0.0004465
195,1322.68,1.52681,0.69818,0.00991,0.7846,0.88165,0.9038,0.47028,1.57622,0.72484,0.01062,0.000397,0.000397,0.000397
196,1329.1,1.531,0.66447,0.00966,0.78126,0.89172,0.90593,0.4789,1.59422,0.70712,0.01076,0.0003475,0.0003475,0.0003475
197,1335.58,1.49195,0.66598,0.00956,0.79654,0.87276,0.9063,0.47834,1.60944,0.6975,0.01085,0.000298,0.000298,0.000298
198,1341.99,1.57527,0.68504,0.01024,0.82998,0.83952,0.9052,0.47468,1.61345,0.6979,0.0109,0.0002485,0.0002485,0.0002485
199,1348.34,1.49973,0.6745,0.0099,0.80053,0.84713,0.88996,0.47233,1.6198,0.70169,0.01093,0.000199,0.000199,0.000199
200,1355.1,1.50927,0.67594,0.01016,0.79949,0.84713,0.88896,0.47149,1.61637,0.70325,0.01091,0.0001495,0.0001495,0.0001495
