epoch,time,train/box_loss,train/cls_loss,train/dfl_loss,metrics/precision(B),metrics/recall(B),metrics/mAP50(B),metrics/mAP50-95(B),val/box_loss,val/cls_loss,val/dfl_loss,lr/pg0,lr/pg1,lr/pg2
1,16.4794,1.30247,4.93786,0.00834,0.00017,0.01961,0.00011,5e-05,1.12278,5.6699,0.00889,0.0003,0.0003,0.0973
2,26.7428,1.36434,4.79178,0.00952,0.00072,0.08497,0.00117,0.00032,0.87197,3.94614,0.00702,0.00069307,0.00069307,0.0936931
3,37.3436,1.40154,2.94351,0.01026,0.00044,0.05229,0.00026,6e-05,2.05265,3.87483,0.01948,0.00107822,0.00107822,0.0900782
4,46.3776,1.36047,2.06328,0.00915,0,0,0,0,2.87334,4.02734,0.03091,0.00145545,0.00145545,0.0864555
5,54.7213,1.27359,1.56238,0.00837,0,0,0,0,2.21776,4.24461,0.02165,0.00182476,0.00182476,0.0828248
6,65.0349,1.568,1.31061,0.01065,0,0,0,0,1.34806,4.40904,0.01165,0.00218615,0.00218615,0.0791862
7,74.0137,1.34574,1.17805,0.00889,0,0,0,0,1.2934,4.48008,0.0111,0.00253962,0.00253962,0.0755396
8,83.5242,1.38804,1.08412,0.00933,0.66667,0.05229,0.36326,0.18777,1.47409,4.01956,0.01268,0.00288517,0.00288517,0.0718852
9,93.879,1.26866,0.95957,0.00882,0.86207,0.3268,0.59579,0.3464,1.61331,3.69244,0.01451,0.0032228,0.0032228,0.0682228
10,103.286,1.30483,0.91534,0.0087,0.75806,0.30719,0.54141,0.30775,1.92196,3.96914,0.01839,0.00355251,0.00355251,0.0645525
11,113.97,1.3329,0.89898,0.00885,1,0.00654,0.50326,0.40261,2.98186,5.2716,0.0349,0.0038743,0.0038743,0.0608743
12,124.024,1.38834,0.81823,0.00942,0,0,0,0,4.78546,4.97223,0.08462,0.00418817,0.00418817,0.0571882
13,135.674,1.34296,0.89269,0.00897,0.62069,0.11765,0.37055,0.15817,2.85958,4.81927,0.03333,0.00449412,0.00449412,0.0534941
14,145.553,1.30462,0.85175,0.00873,0.95238,0.13072,0.54105,0.40785,1.28648,4.56968,0.01076,0.00479215,0.00479215,0.0497922
15,154.933,1.30607,0.82431,0.00904,0.96053,0.47712,0.72094,0.48521,1.49872,3.66718,0.01319,0.00508226,0.00508226,0.0460823
16,162.657,1.37871,0.83791,0.00973,0.85882,0.47712,0.68632,0.43067,1.71048,3.71796,0.0146,0.00536445,0.00536445,0.0423644
17,170.515,1.39634,0.73712,0.00943,0.69828,0.52941,0.65668,0.44497,1.58015,3.49469,0.01309,0.00563872,0.00563872,0.0386387
18,181.458,1.28888,0.71912,0.00849,0.38519,0.33987,0.3844,0.18522,2.43776,3.8925,0.02111,0.00590507,0.00590507,0.0349051
19,190.337,1.32546,0.72407,0.00908,0.83405,0.21569,0.3689,0.21162,2.05368,3.03756,0.01808,0.0061635,0.0061635,0.0311635
20,196.734,1.35289,0.7659,0.00901,0.79332,0.5098,0.66676,0.29115,2.01493,2.31224,0.01885,0.00641401,0.00641401,0.027414
21,205.38,1.34801,0.75121,0.00957,0.06356,0.46405,0.10274,0.04611,2.02713,3.85574,0.01709,0.0066566,0.0066566,0.0236566
22,215.705,1.31137,0.71849,0.00901,0.03491,0.20261,0.03424,0.00853,2.35777,6.06505,0.02017,0.00689127,0.00689127,0.0198913
23,226.784,1.41721,0.75751,0.00955,0,0,0,0,nan,nan,nan,0.00711802,0.00711802,0.016118
24,235.247,1.34843,0.77012,0.00952,0.02437,0.23529,0.04917,0.02416,nan,nan,nan,0.00733685,0.00733685,0.0123368
25,244.181,1.34987,0.66283,0.00877,0.0444,0.14379,0.01475,0.0027,nan,nan,nan,0.00754776,0.00754776,0.00854776
26,252.655,1.24803,0.68473,0.00852,0.63071,0.60131,0.6552,0.30214,1.89115,1.45262,0.01721,0.007525,0.007525,0.007525
27,262.246,1.37644,0.70995,0.00939,0.62329,0.69935,0.68037,0.40894,1.41161,1.26386,0.01222,0.007426,0.007426,0.007426
28,270.809,1.29685,0.65703,0.00834,0.62109,0.64706,0.66471,0.39023,1.42794,1.2003,0.01221,0.007327,0.007327,0.007327
29,280.152,1.38543,0.66325,0.0094,0.52428,0.48366,0.50745,0.29656,1.41015,1.42749,0.01261,0.007228,0.007228,0.007228
30,287.232,1.59526,0.74479,0.01024,0.50268,0.28105,0.26727,0.13756,1.86925,3.75685,0.01657,0.007129,0.007129,0.007129
31,295.707,1.378,0.64264,0.00982,0.65513,0.4902,0.5693,0.33239,1.51718,1.96011,0.01359,0.00703,0.00703,0.00703
32,303.278,1.35745,0.62379,0.00899,0.84992,0.71242,0.80423,0.41622,1.72567,1.18479,0.01609,0.006931,0.006931,0.006931
33,310.672,1.38213,0.64323,0.00911,0.7515,0.71895,0.79331,0.46703,1.50906,1.45938,0.0124,0.006832,0.006832,0.006832
34,319.315,1.38149,0.60625,0.00894,0.80622,0.71895,0.82453,0.37032,1.89117,2.17168,0.01823,0.006733,0.006733,0.006733
35,327.268,1.37427,0.68295,0.00957,0.88496,0.85476,0.9459,0.46392,1.82827,3.15668,0.01715,0.006634,0.006634,0.006634
36,335.79,1.27596,0.62641,0.0086,0.89922,0.81645,0.87716,0.50895,1.49232,4.50376,0.01329,0.006535,0.006535,0.006535
37,343.296,1.22426,0.53082,0.00787,0.83599,0.79957,0.87232,0.50622,1.43364,2.90401,0.01272,0.006436,0.006436,0.006436
38,350.867,1.28079,0.63112,0.0088,0.85325,0.82353,0.90161,0.59036,1.27034,3.00527,0.01077,0.006337,0.006337,0.006337
39,357.948,1.21209,0.53009,0.00838,0.90404,0.81699,0.9021,0.5818,1.31395,2.67026,0.01133,0.006238,0.006238,0.006238
40,365.583,1.26929,0.53771,0.00824,0.86195,0.84314,0.89675,0.54956,1.38008,4.15369,0.01203,0.006139,0.006139,0.006139
41,372.181,1.23199,0.53487,0.00823,0.91578,0.89542,0.96735,0.61016,1.33948,3.70128,0.01148,0.00604,0.00604,0.00604
42,381.695,1.22456,0.52742,0.00772,0.92967,0.88235,0.96464,0.65584,1.17114,1.76721,0.00991,0.005941,0.005941,0.005941
43,389.345,1.25914,0.51826,0.00781,0.82578,0.89844,0.9408,0.5855,1.38743,1.80533,0.0121,0.005842,0.005842,0.005842
44,399.627,1.20646,0.50258,0.00845,0.88555,0.88889,0.94303,0.59967,1.34741,1.06257,0.0109,0.005743,0.005743,0.005743
45,403.013,1.15278,0.52744,0.00781,0.91228,0.88364,0.95223,0.63372,1.25767,0.7935,0.01065,0.005644,0.005644,0.005644
46,410.449,1.21745,0.55365,0.00833,0.92986,0.87582,0.96046,0.64659,1.24304,0.61215,0.01036,0.005545,0.005545,0.005545
47,419.207,1.24449,0.54771,0.00837,0.92327,0.94118,0.97814,0.68516,1.1166,0.47629,0.00898,0.005446,0.005446,0.005446
48,429.003,1.1876,0.53416,0.00816,0.90011,0.87582,0.94314,0.66042,1.09475,0.91411,0.0091,0.005347,0.005347,0.005347
49,438.866,1.27768,0.51183,0.0084,0.87453,0.85621,0.91893,0.6349,1.14982,0.66738,0.00926,0.005248,0.005248,0.005248
50,446.026,1.33193,0.51506,0.00887,0.92005,0.90196,0.96781,0.61854,1.33441,0.73578,0.01176,0.005149,0.005149,0.005149
51,453.39,1.25444,0.57475,0.00844,0.95673,0.9281,0.98176,0.68987,1.13935,0.49038,0.00915,0.00505,0.00505,0.00505
52,460.155,1.26406,0.53475,0.00829,0.95741,0.91503,0.97325,0.69297,1.08846,0.42077,0.00877,0.004951,0.004951,0.004951
53,467.944,1.19427,0.50491,0.00776,0.96375,0.86875,0.97518,0.65112,1.23395,0.48712,0.01034,0.004852,0.004852,0.004852
54,475.582,1.17718,0.48918,0.00753,0.93088,0.96831,0.98182,0.65014,1.27675,0.38462,0.01059,0.004753,0.004753,0.004753
55,486.242,1.1994,0.50781,0.00755,0.92807,0.92761,0.97516,0.66601,1.20412,0.46975,0.01007,0.004654,0.004654,0.004654
56,494.046,1.18312,0.47036,0.00765,0.93665,0.9085,0.97313,0.67202,1.14602,0.43807,0.00949,0.004555,0.004555,0.004555
57,502.884,1.162,0.48847,0.00772,0.95708,0.87456,0.966,0.62087,1.31104,0.4611,0.01055,0.004456,0.004456,0.004456
58,510.596,1.1791,0.4484,0.00804,0.86766,0.89986,0.95959,0.61567,1.31728,0.51536,0.01079,0.004357,0.004357,0.004357
59,518.658,1.23486,0.52507,0.00782,0.93585,0.85813,0.96346,0.57467,1.38391,0.60021,0.01095,0.004258,0.004258,0.004258
60,526.209,1.16286,0.47232,0.00773,0.9387,0.90081,0.97221,0.6026,1.36619,0.65656,0.0109,0.004159,0.004159,0.004159
61,533.806,1.18665,0.51783,0.00794,0.9111,0.87085,0.96845,0.63618,1.24911,0.59584,0.01014,0.00406,0.00406,0.00406
62,541.699,1.13393,0.44031,0.00728,0.95088,0.88235,0.97447,0.65317,1.18773,0.66755,0.00992,0.003961,0.003961,0.003961
63,549.495,1.12357,0.43094,0.00779,0.93939,0.91503,0.9755,0.68985,1.07177,0.61559,0.00883,0.003862,0.003862,0.003862
64,558.764,1.1967,0.51223,0.00802,0.94478,0.95425,0.97927,0.67597,1.08324,0.62581,0.00861,0.003763,0.003763,0.003763
65,567.321,1.13601,0.45849,0.00726,0.94118,0.94771,0.98588,0.70733,1.04649,0.6427,0.00853,0.003664,0.003664,0.003664
66,575.259,1.16093,0.48803,0.0078,0.9371,0.97374,0.98627,0.69752,1.07915,0.60944,0.009,0.003565,0.003565,0.003565
67,583.393,1.15077,0.47919,0.00733,0.92923,0.94396,0.98225,0.68841,1.10577,0.41499,0.00889,0.003466,0.003466,0.003466
68,592.394,1.1109,0.47673,0.007,0.92061,0.95425,0.98244,0.71788,1.00075,0.36258,0.00806,0.003367,0.003367,0.003367
69,600.883,1.18537,0.50187,0.00775,0.95357,0.93962,0.98415,0.72611,0.99861,0.36104,0.00817,0.003268,0.003268,0.003268
70,608.595,1.09112,0.4489,0.00701,0.96203,0.95425,0.98737,0.73331,1.00748,0.32987,0.00816,0.003169,0.003169,0.003169
71,615.007,1.07854,0.44832,0.00669,0.9658,0.96078,0.98993,0.7485,0.95891,0.32081,0.00774,0.00307,0.00307,0.00307
72,621.387,1.13394,0.46441,0.00803,0.95419,0.95296,0.98866,0.73937,0.98526,0.3332,0.00807,0.002971,0.002971,0.002971
73,627.695,1.12091,0.42331,0.00749,0.95464,0.96292,0.9889,0.70552,1.08068,0.33853,0.00884,0.002872,0.002872,0.002872
74,635.764,1.13726,0.43636,0.00718,0.95398,0.94842,0.98843,0.69611,1.07133,0.35807,0.00856,0.002773,0.002773,0.002773
75,642.118,1.13715,0.45464,0.00752,0.9651,0.96732,0.98966,0.73173,0.97361,0.33916,0.00789,0.002674,0.002674,0.002674
76,1254.67,1.15317,0.43019,0.00751,0.95711,0.96078,0.99066,0.74432,0.92519,0.32483,0.00742,0.002575,0.002575,0.002575
77,5592.43,1.15681,0.44869,0.00735,0.95481,0.96675,0.98872,0.73618,1.0049,0.33867,0.00799,0.002476,0.002476,0.002476
78,5600.04,1.17273,0.42749,0.0078,0.96356,0.94771,0.98531,0.72117,1.03093,0.36037,0.00853,0.002377,0.002377,0.002377
79,5609.27,1.10988,0.40719,0.00777,0.97356,0.96273,0.98665,0.74562,0.96518,0.34001,0.00789,0.002278,0.002278,0.002278
80,5619.06,1.14067,0.42435,0.00754,0.9924,0.94771,0.9895,0.75643,0.9696,0.31995,0.00765,0.002179,0.002179,0.002179
81,5627.76,1.13523,0.41692,0.00779,0.97995,0.95849,0.99043,0.73849,1.05317,0.32801,0.00826,0.00208,0.00208,0.00208
82,5636.17,1.09141,0.39331,0.00709,0.97825,0.94771,0.99042,0.76544,0.93962,0.31592,0.00748,0.001981,0.001981,0.001981
83,5644.06,1.08244,0.38288,0.00787,0.97214,0.96078,0.99088,0.77243,0.91132,0.29859,0.00732,0.001882,0.001882,0.001882
84,5653.15,1.09824,0.42617,0.00714,0.97822,0.95425,0.99026,0.75633,0.95019,0.30129,0.00758,0.001783,0.001783,0.001783
85,5661.99,1.10515,0.41813,0.00765,0.96703,0.9585,0.98974,0.76176,0.9494,0.3045,0.00757,0.001684,0.001684,0.001684
86,5670,1.02278,0.40672,0.00691,0.9658,0.95425,0.9895,0.75161,0.96096,0.31192,0.00772,0.001585,0.001585,0.001585
87,5677.51,1.10486,0.42366,0.00708,0.96693,0.94771,0.99045,0.76102,0.93831,0.30545,0.0075,0.001486,0.001486,0.001486
88,5685.03,1.08101,0.42339,0.0075,0.96658,0.94528,0.98998,0.76363,0.90865,0.30644,0.00723,0.001387,0.001387,0.001387
89,5692.72,0.99694,0.37793,0.00673,0.94272,0.96819,0.98995,0.73024,0.98842,0.31596,0.00783,0.001288,0.001288,0.001288
90,5701.63,1.0469,0.40105,0.00653,0.93812,0.96732,0.99034,0.71029,1.07358,0.33329,0.00847,0.001189,0.001189,0.001189
91,5717.49,1.07472,0.43854,0.00817,0.94295,0.9722,0.98939,0.74322,0.98974,0.31093,0.00779,0.00109,0.00109,0.00109
92,5725.39,1.06205,0.36073,0.00812,0.92401,0.97386,0.98651,0.73982,0.97213,0.32956,0.00788,0.000991,0.000991,0.000991
93,5733.22,1.05248,0.37425,0.00857,0.94469,0.96078,0.98754,0.73995,0.97106,0.32301,0.00794,0.000892,0.000892,0.000892
94,5740.55,1.07818,0.3579,0.00858,0.93701,0.94118,0.98577,0.75726,0.91197,0.32242,0.00732,0.000793,0.000793,0.000793
95,5748.33,1.05025,0.3561,0.00837,0.94504,0.96078,0.98904,0.75033,0.93826,0.30594,0.00741,0.000694,0.000694,0.000694
96,5755.02,0.99479,0.33366,0.00787,0.94248,0.96392,0.98965,0.72742,1.06102,0.33081,0.00838,0.000595,0.000595,0.000595
97,5761.44,1.06729,0.37772,0.00834,0.97972,0.94731,0.99028,0.72265,1.07083,0.33661,0.00846,0.000496,0.000496,0.000496
98,5769.09,1.06386,0.37418,0.00862,0.9543,0.95544,0.99041,0.74022,0.98858,0.32096,0.0078,0.000397,0.000397,0.000397
99,5776.44,1.01815,0.35454,0.00785,0.94844,0.96182,0.99063,0.75605,0.92896,0.30439,0.00733,0.000298,0.000298,0.000298
100,5783.73,1.04063,0.35662,0.00848,0.93079,0.98039,0.98973,0.75442,0.92431,0.30673,0.00732,0.000199,0.000199,0.000199
